{
   "empirical": {
      "gbytes": {
         "data": [
            [
               "L1", 
               62.9
            ], 
            [
               "L2", 
               38.74
            ], 
            [
               "DRAM", 
               17.15
            ]
         ], 
         "metadata": {
            "TIMESTAMP_DATA": [
               1594866752.27, 
               1594866753.0, 
               1594866755.16, 
               1594866754.44, 
               1594866755.87, 
               1594866753.72
            ], 
            "FLOPS": 1, 
            "TIMESTAMP_DB": 1594866799.994327
         }
      }, 
      "gflops": {
         "data": [
            [
               "GFLOPs", 
               10.76
            ]
         ], 
         "metadata": {
            "TIMESTAMP_DATA": [
               1594866768.81, 
               1594866773.52, 
               1594866775.16, 
               1594866771.87, 
               1594866776.8, 
               1594866770.34
            ], 
            "FLOPS": 8, 
            "TIMESTAMP_DB": 1594866799.994074
         }
      }, 
      "metadata": {
         "ERT_VERSION": "1.0.0", 
         "HOSTNAME": [
            "apollo-PowerEdge-R430", 
            [], 
            [
               "127.0.1.1"
            ]
         ], 
         "OPENMP_THREADS": 1, 
         "UNAME": [
            "Linux", 
            "apollo-PowerEdge-R430", 
            "4.19.129-0419129-generic", 
            "#202006220433 SMP Mon Jun 22 09:12:54 UTC 2020", 
            "x86_64", 
            "x86_64"
         ], 
         "CONFIG": {
            "ERT_WORKING_SET_MIN": [
               "1"
            ], 
            "ERT_CFLAGS": [
               "-O3"
            ], 
            "ERT_CC": [
               "gcc"
            ], 
            "ERT_MPI_CFLAGS": [], 
            "ERT_MPI_LDFLAGS": [], 
            "ERT_MEMORY_MAX": [
               "62497788"
            ], 
            "ERT_PROCS_THREADS": [
               "1"
            ], 
            "ERT_LDFLAGS": [], 
            "ERT_LDLIBS": [], 
            "ERT_SPEC_GBYTES_DRAM": [
               "1.0"
            ], 
            "ERT_RUN": [
               "export", 
               "KMP_AFFINITY=scatter;", 
               "export", 
               "OMP_NUM_THREADS=ERT_OPENMP_THREADS;", 
               "ERT_CODE"
            ], 
            "ERT_FLOPS": [
               "1,2,4,8,16"
            ], 
            "ERT_OPENMP_CFLAGS": [
               "-fopenmp"
            ], 
            "ERT_SPEC_GFLOPS": [
               "1.0"
            ], 
            "ERT_MPI": [
               "False"
            ], 
            "ERT_TRIALS_MIN": [
               "1"
            ], 
            "ERT_DRIVER": [
               "driver1"
            ], 
            "ERT_RESULTS": [
               "Results.x86"
            ], 
            "ERT_OPENMP": [
               "True"
            ], 
            "ERT_MPI_PROCS": [
               "1"
            ], 
            "ERT_KERNEL": [
               "kernel1"
            ], 
            "ERT_OPENMP_THREADS": [
               "1-32"
            ], 
            "ERT_LD": [
               "gcc"
            ], 
            "ERT_NUM_EXPERIMENTS": [
               "6"
            ], 
            "ERT_OPENMP_LDFLAGS": [
               "-fopenmp"
            ], 
            "ERT_ALIGN": [
               "32"
            ], 
            "ERT_GNUPLOT": [
               "gnuplot"
            ]
         }, 
         "MPI_PROCS": 1
      }
   }, 
   "spec": {
      "gbytes": {
         "data": [
            [
               "DRAM", 
               1.0
            ]
         ]
      }, 
      "gflops": {
         "data": [
            [
               "GFLOPs", 
               1.0
            ]
         ]
      }
   }
}